10029080878446;;;【朗声新修版】金庸作品全集 武侠小说全集36册 天龙八部+射雕英雄传+倚天屠龙记+笑傲江湖;;;798.00;;;https://item.jd.com/10029080878446.html
12752222673;;;鹿鼎记 金庸正版共5册 金庸天龙八部神雕侠侣倚天屠龙记小说作品集经典武侠小说畅销书排行榜新华书店;;;126.00;;;https://item.jd.com/12752222673.html
11261656195;;;金庸作品全集26-27侠客行全2册2020版朗声旧版中国经典武侠小说神雕侠侣天龙八部湖北新华书店正版;;;46.80;;;https://item.jd.com/11261656195.html
1560416243;;;金庸作品全集09-12：神雕侠侣全4册 朗声旧版 中国经典武侠小说 射雕英雄传 鹿鼎记 湖北新华书店;;;91.35;;;https://item.jd.com/1560416243.html
1068123095;;;倚天屠龙记 全套1-4册 金庸作品集 新华书店正版保证，关注店铺成为会员可享店铺专属优惠，团购客户请咨询在线客服！图书钜惠，神券狂欢日，领券满300减201！！！;;;113.00;;;https://item.jd.com/1068123095.html
12697911223;;;射雕英雄传(1-4)新修版金射庸武侠小说金庸经典电视剧原著原版书籍武侠文学经典小说中国侠义小说 正版;;;102.95;;;https://item.jd.com/12697911223.html
17243527258;;;正版 射雕英雄传全套共4册 金庸作品集 经典电视剧原著原版书籍 武侠文学经典小说;;;120.00;;;https://item.jd.com/17243527258.html
10021461297795;;;【典藏本】碧血剑全2册 金庸作品集 新华书店，正版保证，关注店铺成为会员可享店铺专属优惠，团购客户请咨询在线客服！;;;164.10;;;https://item.jd.com/10021461297795.html
10115819712;;;倚天屠龙记(全4册) 金庸小说全集/作品集 三联版内容小说 武侠小说朗声旧版 2020修订版;;;98.00;;;https://item.jd.com/10115819712.html
1508627403;;;金庸作品全集28-31笑傲江湖全4册2020新修版中国经典武侠小说 天龙八部/鹿鼎记同系列 新华书店;;;91.35;;;https://item.jd.com/1508627403.html
1560426726;;;金庸作品全集21-25：天龙八部全5册 朗声旧版 中国经典武侠小说 神雕侠侣/雪山飞狐/鹿鼎记同系列;;;116.90;;;https://item.jd.com/1560426726.html
1508631625;;;金庸作品全集16-19：倚天屠龙记全4册 朗声旧版 中国经典武侠小说 神雕侠侣 鹿鼎记 湖北新华书店;;;93.35;;;https://item.jd.com/1508631625.html
41215908357;;;金庸全集(新修珍藏本)(全36册)新修彩图精装版 经典武侠小说 射雕英雄传神雕侠侣天龙八部鹿鼎记;;;1597.28;;;https://item.jd.com/41215908357.html
12392300;;;(新修珍藏本)金庸作品集(20)－连城诀 (新修珍藏本)金庸作品集(20)－连城诀;;;40.00;;;https://item.jd.com/12392300.html
42563344642;;;金庸作品全集套装36册武侠小说 射雕英雄传天龙八部倚天屠龙 天龙八部;;;148.00;;;https://item.jd.com/42563344642.html
12480757;;;(新修珍藏本)金庸作品集(13)雪山飞狐（全一册）附白马啸西风、鸳鸯刀;;;38.00;;;https://item.jd.com/12480757.html
1064224441;;;侠客行 2020朗声新版金庸作品集(26-27);;;52.60;;;https://item.jd.com/1064224441.html
10020547764087;;;金庸武侠小说第二版天龙八部线装珍藏版竖排繁体真丝封面经典文学小说书籍二版二印;;;3238.00;;;https://item.jd.com/10020547764087.html
10198929054;;;金庸作品集 射雕英雄传05-08全四册（朗声旧版彩图平装本）经典旧版 重温经典武侠小说书籍广州出版社;;;97.50;;;https://item.jd.com/10198929054.html
10025130887118;;;笑傲江湖 2020朗声新版金庸作品集(28-31);;;113.00;;;https://item.jd.com/10025130887118.html
1677428960;;;金庸作品全集 朗声新修版 武侠小说全集36册 天龙八部+射雕英雄传+倚天屠龙记+笑傲江湖;;;656.80;;;https://item.jd.com/1677428960.html
23115404314;;;金庸作品集 山飞狐+飞狐外传+连城诀+侠客行+书剑恩仇录+碧血剑 （朗声旧版彩图平装本）共10册;;;198.00;;;https://item.jd.com/23115404314.html
58273441076;;;金庸者谁 北大金庸研究课堂实录(签章版);;;60.60;;;https://item.jd.com/58273441076.html
12815980;;;金庸武侠小说笑书江湖手账本 赠笑傲江湖听书卡一套金庸武侠小说手账本笔记本;;;24.00;;;https://item.jd.com/12815980.html
10198934110;;;金庸作品集 雪山飞狐全一册（朗声旧版彩图平装本）内附白马啸西风 鸳鸯刀 重温经典武侠小说 广州出版社;;;26.50;;;https://item.jd.com/10198934110.html
10021718475930;;;神雕侠侣(共4册典藏本)(精)/金庸作品集;;;287.50;;;https://item.jd.com/10021718475930.html
10024858647595;;;【金庸作品四部曲共17册】天龙八部+射雕英雄传+神雕侠侣+倚天屠龙记朗声旧版同三联版经典武侠小说;;;385.00;;;https://item.jd.com/10024858647595.html
10021718494576;;;神雕侠侣(共4册典藏本)(精)/金庸作品集;;;317.55;;;https://item.jd.com/10021718494576.html
41250682758;;;金庸全集朗声新修版全36册 金庸作品集 经典武侠小说射雕英雄传天龙八部倚天屠龙记;;;954.56;;;https://item.jd.com/41250682758.html
10021461234907;;;【典藏本】飞狐外传全2册 金庸作品集 新华书店，正版保证，关注店铺成为会员可享店铺专属优惠，团购客户请咨询在线客服！;;;164.10;;;https://item.jd.com/10021461234907.html
10026330531264;;;金庸小说全集 旧版雪山飞狐全本 有声武侠小说 雪山飞狐;;;24.90;;;https://item.jd.com/10026330531264.html
10021950330376;;;【正版包邮】金庸全集武侠小说作品集新修版36册三联版 经典版珍藏(神雕侠侣天龙八部射雕英雄传倚天屠龙;;;799.00;;;https://item.jd.com/10021950330376.html
10026335138875;;;金庸小说全集 旧版碧血剑上下册 有声武侠小说 碧血剑;;;39.60;;;https://item.jd.com/10026335138875.html
13024516;;;朗声新修版飞狐外传全二册金庸武侠小说彩图平装本;;;47.50;;;https://item.jd.com/13024516.html
10198932334;;;金庸作品集 天龙八部21-25全五册（朗声旧版彩图平装本）经典旧版 重温经典武侠小说 书籍广州出版社;;;122.50;;;https://item.jd.com/10198932334.html
10021947468757;;;金庸作品全集05-08：射雕英雄传全4册 朗声典藏版 中国经典武侠小说神雕侠侣 鹿鼎记 湖北新华书店;;;274.05;;;https://item.jd.com/10021947468757.html
52016440475;;;金庸小说作品集全集12册(朗声旧版）射雕三部曲 射雕英雄传+神雕侠侣+倚天屠龙记 经典武侠小说书籍;;;343.00;;;https://item.jd.com/52016440475.html
10376040896;;;金庸作品全集 朗声新修版 武侠小说全集36册 天龙八部+射雕英雄传+倚天屠龙记+笑傲江湖;;;656.80;;;https://item.jd.com/10376040896.html
33852572113;;;现货 金庸作品集 （朗声旧版）全36册 收藏佳品 小说全集 射雕英雄传 天龙八部 神雕侠侣等;;;750.00;;;https://item.jd.com/33852572113.html
35682538739;;;金庸武侠小说套装17册射雕英雄传(全四册) 神雕侠侣(全四册) 倚天屠龙记正版 天龙八部全五册;;;588.00;;;https://item.jd.com/35682538739.html
10198753781;;;金庸作品集 鹿鼎记32-36全五册（2020修订彩图平装旧版）经典旧版 重温经典武侠小说 广州出版社;;;122.50;;;https://item.jd.com/10198753781.html
10025543507727;;;武侠小说书籍 射雕英雄传 金庸全套共4册原著朗声旧版完整版电视剧古典文学经典;;;99.80;;;https://item.jd.com/10025543507727.html
10020548195712;;;古龙+金庸小说全套75册： 武侠小说三联旧版典藏版 神雕侠侣射雕英雄传天龙八部碧等+古龙代表作大全集 全套75册;;;1680.00;;;https://item.jd.com/10020548195712.html
10021461231957;;;【典藏本】射雕英雄传全4册 金庸作品集（05-08）;;;316.20;;;https://item.jd.com/10021461231957.html
12743631858;;;倚天屠龙记 金庸作品共4册 金庸经典小说作品集 天龙八部 神雕侠侣 倚天屠龙记 畅销武侠小说;;;101.50;;;https://item.jd.com/12743631858.html
36906644885;;;书剑恩仇录 新修版共2册 金庸著 经典武侠小说作品 武侠小说系列 天龙八部神雕侠侣倚天屠龙记;;;52.56;;;https://item.jd.com/36906644885.html
10023814509600;;;【2020典藏版】金庸全集单本可选 金庸典藏本武侠小说 天龙八部碧血剑连城诀笑傲江湖射雕英雄传鹿鼎记 全集36册;;;3250.00;;;https://item.jd.com/10023814509600.html
11261663154;;;金庸作品全集01-02书剑恩仇录全2册2020朗声旧版中国经典武侠小说射雕英雄传天龙八部鹿鼎记同作者;;;45.36;;;https://item.jd.com/11261663154.html
10409610391;;;金庸作品集 笑傲江湖28-31全四册（朗声旧版彩图平装本）经典旧版 重温经典武侠小说 书籍广州出版社;;;98.00;;;https://item.jd.com/10409610391.html
70617252424;;;（朗声旧版彩图平装本）金庸武侠小说倚天屠龙记(全四册);;;95.70;;;https://item.jd.com/70617252424.html
10121763123;;;金庸作品集（金庸全集精装版）全套共36册书剑恩仇录 (新修彩图精装版) 鹿鼎记笑傲江湖天龙八部;;;1550.00;;;https://item.jd.com/10121763123.html
10375493;;;金庸作品集：碧血剑（套装上下册） 运用高科技手段对插图进行修复，印刷精美;;;67.50;;;https://item.jd.com/10375493.html
10026510238173;;;金庸作品集(朗声新修版) 作 书籍 新华书店，正版保证，关注店铺成为会员可享店铺专属优惠，团购客户请咨询在线客服！;;;656.80;;;https://item.jd.com/10026510238173.html
13821708902;;;温瑞安武侠小说全套13册 布衣神相+四大名捕走龙蛇+惊艳一枪+纵横 古龙梁羽生同类型武侠书;;;399.00;;;https://item.jd.com/13821708902.html
23112433862;;;金庸作品集 神雕侠侣+鹿鼎记+倚天屠龙记+笑傲江湖+射雕英雄传+天龙八部 全26册 2020年版本;;;559.00;;;https://item.jd.com/23112433862.html
10025130844335;;;射雕英雄传 2020朗声新版金庸作品集(05-08);;;113.00;;;https://item.jd.com/10025130844335.html
1508673225;;;金庸作品全集21-25天龙八部全5册2020新修版经典武侠小说正版图书射雕英雄传鹿鼎记侠客行同系列;;;113.40;;;https://item.jd.com/1508673225.html
10024452225898;;;倚天屠龙记(共4册)/金庸作品集 倚天屠龙记(共4册)/金庸作品集;;;105.85;;;https://item.jd.com/10024452225898.html
10023653122756;;;金庸作品集（全四册）（28－31）：笑傲江湖（壹贰叁肆）;;;80.56;;;https://item.jd.com/10023653122756.html
10022152773568;;;射雕英雄传(共4册)/金庸作品集金庸 正品保证，70%城市次日达，进入店铺更多优惠！;;;93.00;;;https://item.jd.com/10022152773568.html
